{
  "processors": [
    {
      "processor_type": "minecraft:rule",
      "rules": [
        {
          "location_predicate": {
            "predicate_type": "minecraft:block_match",
            "block": "minecraft:water"
          },
          "input_predicate": {
            "predicate_type": "minecraft:block_match",
            "block": "minecraft:purple_terracotta"
          },
          "output_state": {
            "Name": "minecraft:birch_planks"
          }
        },
        {
          "location_predicate": {
            "predicate_type": "minecraft:always_true"
          },
          "input_predicate": {
            "predicate_type": "minecraft:random_block_match",
            "block": "minecraft:purple_terracotta",
            "probability": 0.47
          },
          "output_state": {
            "Name": "minecraft:cobblestone"
          }
        },
        {
          "location_predicate": {
            "predicate_type": "minecraft:always_true"
          },
          "input_predicate": {
            "predicate_type": "minecraft:random_block_match",
            "block": "minecraft:purple_terracotta",
            "probability": 0.47
          },
          "output_state": {
            "Name": "minecraft:gravel"
          }
        },
        {
          "location_predicate": {
            "predicate_type": "minecraft:always_true"
          },
          "input_predicate": {
            "predicate_type": "minecraft:block_match",
            "block": "minecraft:purple_terracotta"
          },
          "output_state": {
            "Name": "minecraft:grass_block",
            "Properties": {
              "snowy": "false"
            }
          }
        },
        {
          "location_predicate": {
            "predicate_type": "minecraft:block_match",
            "block": "minecraft:sand"
          },
          "input_predicate": {
            "predicate_type": "minecraft:block_match",
            "block": "minecraft:grass_block"
          },
          "output_state": {
            "Name": "minecraft:sand"
          }
        }
      ]
    }
  ]
}
