{
  "name": "kaisyn:village/swamp_boat/houses",
  "fallback": "minecraft:empty",
  "elements": [
    {
      "weight": 2,
      "element": {
        "element_type": "minecraft:legacy_single_pool_element",
        "projection": "rigid",
        "location": "kaisyn:village/swamp_boat/houses/swamp_b_large_house_1",
        "processors": "kaisyn:village/street_swamp"
      }
    },
    {
      "weight": 2,
      "element": {
        "element_type": "minecraft:legacy_single_pool_element",
        "projection": "rigid",
        "location": "kaisyn:village/swamp_boat/houses/swamp_b_large_house_2",
        "processors": "kaisyn:village/street_swamp"
      }
    },
    {
      "weight": 2,
      "element": {
        "element_type": "minecraft:legacy_single_pool_element",
        "projection": "rigid",
        "location": "kaisyn:village/swamp_boat/houses/swamp_b_cartographer_1",
        "processors": "kaisyn:village/street_swamp"
      }
    },
    {
      "weight": 2,
      "element": {
        "element_type": "minecraft:legacy_single_pool_element",
        "projection": "rigid",
        "location": "kaisyn:village/swamp_boat/houses/swamp_b_butcher_and_mason_1",
        "processors": "kaisyn:village/street_swamp"
      }
    },
    {
      "weight": 2,
      "element": {
        "element_type": "minecraft:legacy_single_pool_element",
        "projection": "rigid",
        "location": "kaisyn:village/swamp_boat/houses/swamp_b_farm_and_temple_1",
        "processors": "kaisyn:village/street_swamp"
      }
    },
    {
      "weight": 2,
      "element": {
        "element_type": "minecraft:legacy_single_pool_element",
        "projection": "rigid",
        "location": "kaisyn:village/swamp_boat/houses/swamp_b_shepherd_1",
        "processors": "kaisyn:village/street_swamp"
      }
    },
    {
      "weight": 2,
      "element": {
        "element_type": "minecraft:legacy_single_pool_element",
        "projection": "rigid",
        "location": "kaisyn:village/swamp_boat/houses/swamp_b_medium_house_1",
        "processors": "minecraft:empty"
      }
    },
    {
      "weight": 2,
      "element": {
        "element_type": "minecraft:legacy_single_pool_element",
        "projection": "rigid",
        "location": "kaisyn:village/swamp_boat/houses/swamp_b_medium_house_2",
        "processors": "kaisyn:village/street_swamp"
      }
    },
    {
      "weight": 2,
      "element": {
        "element_type": "minecraft:legacy_single_pool_element",
        "projection": "rigid",
        "location": "kaisyn:village/swamp_boat/houses/swamp_b_medium_house_4",
        "processors": "minecraft:empty"
      }
    },
    {
      "weight": 2,
      "element": {
        "element_type": "minecraft:legacy_single_pool_element",
        "projection": "rigid",
        "location": "kaisyn:village/swamp_boat/houses/swamp_b_fletcher_and_library_1",
        "processors": "minecraft:empty"
      }
    },
    {
      "weight": 2,
      "element": {
        "element_type": "minecraft:legacy_single_pool_element",
        "projection": "rigid",
        "location": "kaisyn:village/swamp_boat/houses/swamp_b_fisher_and_leatherworker_1",
        "processors": "minecraft:empty"
      }
    },
    {
      "weight": 3,
      "element": {
        "element_type": "minecraft:legacy_single_pool_element",
        "projection": "rigid",
        "location": "kaisyn:village/swamp_boat/houses/swamp_b_small_house_1",
        "processors": "minecraft:empty"
      }
    },
    {
      "weight": 3,
      "element": {
        "element_type": "minecraft:legacy_single_pool_element",
        "projection": "rigid",
        "location": "kaisyn:village/swamp_boat/houses/swamp_b_small_house_2",
        "processors": "minecraft:empty"
      }
    },
    {
      "weight": 3,
      "element": {
        "element_type": "minecraft:legacy_single_pool_element",
        "projection": "rigid",
        "location": "kaisyn:village/swamp_boat/houses/swamp_b_small_house_3",
        "processors": "minecraft:empty"
      }
    },
    {
      "weight": 1,
      "element": {
        "element_type": "minecraft:legacy_single_pool_element",
        "projection": "rigid",
        "location": "kaisyn:village/swamp_boat/houses/swamp_b_armorer_and_toolsmith_1",
        "processors": "minecraft:empty"
      }
    },
    {
      "weight": 1,
      "element": {
        "element_type": "minecraft:legacy_single_pool_element",
        "projection": "rigid",
        "location": "kaisyn:village/swamp_boat/houses/swamp_b_weaponsmith_1",
        "processors": "minecraft:empty"
      }
    },
	  {
      "weight": 50,
      "element": {
        "element_type": "minecraft:empty_pool_element",
        "projection": "rigid"
      }
    }
  ]
}
